YEAR,MONTH,BENE_GEO_LVL,BENE_STATE_ABRVTN,BENE_STATE_DESC,BENE_COUNTY_DESC,BENE_FIPS_CD,TOT_BENES,ORGNL_MDCR_BENES,MA_AND_OTH_BENES,A_B_TOT_BENES,A_B_ORGNL_MDCR_BENES,A_B_MA_AND_OTH_BENES
2016,Year,State,AL,Alabama,Total,1,988043,726139,261904,918557,656698,261859
2016,Year,State,AK,Alaska,Total,2,87878,87151,727,76714,75988,726
2016,Year,State,AZ,Arizona,Total,4,1180422,730023,450399,1080401,630071,450329
2016,Year,State,AR,Arkansas,Total,5,606142,480306,125836,564293,438462,125831
2016,Year,State,CA,California,Total,6,5814275,3420954,2393321,5183843,2793531,2390313
2016,Year,State,CO,Colorado,Total,8,815871,515310,300561,736528,437655,298872
2016,Year,State,CT,Connecticut,Total,9,641887,472113,169775,575633,405872,169761
2016,Year,State,DE,Delaware,Total,10,186822,169186,17636,172908,155282,17626
2016,Year,State,DC,District of Columbia,Total,11,89549,76694,12855,72790,59985,12805
2016,Year,State,FL,Florida,Total,12,4163699,2466777,1696922,3909500,2213137,1696363
2016,Year,State,GA,Georgia,Total,13,1573277,1049087,524190,1446992,923610,523381
2016,Year,State,HI,Hawaii,Total,15,251978,137629,114349,219954,105652,114302
2016,Year,State,ID,Idaho,Total,16,293980,200017,93962,273544,179588,93955
2016,Year,State,IL,Illinois,Total,17,2108645,1645577,463068,1908373,1445339,463035
2016,Year,State,IN,Indiana,Total,18,1178106,887252,290854,1096101,805318,290784
2016,Year,State,IA,Iowa,Total,19,584906,482852,102054,545732,443684,102048
2016,Year,State,KS,Kansas,Total,20,498471,426275,72196,458961,386779,72182
2016,Year,State,KY,Kentucky,Total,21,879560,639581,239979,814135,576293,237842
2016,Year,State,LA,Louisiana,Total,22,809714,554588,255126,752001,496890,255111
2016,Year,State,ME,Maine,Total,23,314300,235681,78619,290191,211581,78610
2016,Year,State,MD,Maryland,Total,24,957992,864190,93802,834837,741116,93721
2016,Year,State,MA,Massachusetts,Total,25,1245919,981747,264172,1118797,854665,264132
2016,Year,State,MI,Michigan,Total,26,1938308,1270636,667672,1822426,1154866,667560
2016,Year,State,MN,Minnesota,Total,27,940548,418501,522046,871647,349640,522007
2016,Year,State,MS,Mississippi,Total,28,569150,479783,89367,536435,447077,89359
2016,Year,State,MO,Missouri,Total,29,1160093,812974,347119,1072849,725741,347107
2016,Year,State,MT,Montana,Total,30,208306,167088,41218,192393,151187,41206
2016,Year,State,NE,Nebraska,Total,31,321951,281922,40029,295494,255472,40022
2016,Year,State,NV,Nevada,Total,32,472085,311900,160186,422216,262066,160150
2016,Year,State,NH,New Hampshire,Total,33,272375,249623,22752,243443,220694,22749
2016,Year,State,NJ,New Jersey,Total,34,1523299,1269434,253865,1358872,1105091,253781
2016,Year,State,NM,New Mexico,Total,35,384392,260681,123711,346964,223283,123681
2016,Year,State,NY,New York,Total,36,3410034,2139045,1270989,3061757,1790894,1270863
2016,Year,State,NC,North Carolina,Total,37,1823035,1262678,560358,1715311,1155059,560252
2016,Year,State,ND,North Dakota,Total,38,120873,97461,23412,111126,87722,23404
2016,Year,State,OH,Ohio,Total,39,2202060,1378970,823090,2027023,1214236,812787
2016,Year,State,OK,Oklahoma,Total,40,692871,572942,119929,635734,515814,119920
2016,Year,State,OR,Oregon,Total,41,782260,436561,345699,719958,374294,345664
2016,Year,State,PA,Pennsylvania,Total,42,2581572,1548833,1032738,2369875,1337280,1032596
2016,Year,State,RI,Rhode Island,Total,44,207345,132571,74774,183061,108302,74758
2016,Year,State,SC,South Carolina,Total,45,974034,737612,236421,912024,675705,236319
2016,Year,State,SD,South Dakota,Total,46,160698,126561,34137,148321,114186,34135
2016,Year,State,TN,Tennessee,Total,47,1265781,816458,449322,1180468,731270,449198
2016,Year,State,TX,Texas,Total,48,3757335,2512097,1245237,3436111,2190958,1245153
2016,Year,State,UT,Utah,Total,49,358777,235447,123331,322444,199117,123326
2016,Year,State,VT,Vermont,Total,50,135288,124848,10441,123732,113294,10438
2016,Year,State,VA,Virginia,Total,51,1389142,1133636,255506,1252119,996692,255428
2016,Year,State,WA,Washington,Total,53,1235086,864272,370814,1124321,753553,370768
2016,Year,State,WV,West Virginia,Total,54,421908,310597,111312,394838,283557,111281
2016,Year,State,WI,Wisconsin,Total,55,1079832,660728,419104,1009695,590629,419066
2016,Year,State,WY,Wyoming,Total,56,98262,94816,3445,90503,87060,3443
2016,Year,State,AS,American Samoa,Total,60,3950,3810,140,2502,2361,140
2016,Year,State,GU,Guam,Total,66,15471,15410,61,10238,10178,61
2016,Year,State,MP,Northern Mariana Islands,Total,69,2132,*,*,1614,*,*
2016,Year,State,PR,Puerto Rico,Total,72,746274,178945,567328,633067,65763,567304
2016,Year,State,VI,Virgin Islands,Total,78,19602,19373,229,17734,17506,229
2016,Year,State,UK,Unknown,Unknown,99,*,*,*,*,*,*
2016,Year,State,FO,Foreign and Other Outlying Areas,Total,     ,432833,430328,2505,45391,42888,2503
2017,Year,State,AL,Alabama,Total,1,1007423,640531,366892,935026,568207,366819
2017,Year,State,AK,Alaska,Total,2,91879,90549,1330,80134,78805,1329
2017,Year,State,AZ,Arizona,Total,4,1226671,753929,472743,1122760,650109,472650
2017,Year,State,AR,Arkansas,Total,5,616231,480223,136008,572605,436607,135999
2017,Year,State,CA,California,Total,6,5965489,3473379,2492111,5314498,2825802,2488697
2017,Year,State,CO,Colorado,Total,8,847702,530148,317554,764106,448313,315793
2017,Year,State,CT,Connecticut,Total,9,654718,469847,184871,587661,402823,184838
2017,Year,State,DE,Delaware,Total,10,193585,171150,22435,179142,156719,22423
2017,Year,State,DC,District of Columbia,Total,11,91051,76569,14481,74444,60015,14429
2017,Year,State,FL,Florida,Total,12,4295216,2468028,1827188,4026464,2199974,1826490
2017,Year,State,GA,Georgia,Total,13,1624056,1051459,572597,1491383,919605,571778
2017,Year,State,HI,Hawaii,Total,15,259408,142266,117142,225191,108107,117084
2017,Year,State,ID,Idaho,Total,16,306390,210393,95997,284687,188702,95986
2017,Year,State,IL,Illinois,Total,17,2149620,1632353,517267,1942349,1425135,517214
2017,Year,State,IN,Indiana,Total,18,1204903,883826,321077,1118968,797976,320992
2017,Year,State,IA,Iowa,Total,19,598167,490174,107992,557055,449072,107983
2017,Year,State,KS,Kansas,Total,20,509925,429826,80099,468589,388508,80081
2017,Year,State,KY,Kentucky,Total,21,895963,637614,258349,827687,571571,256117
2017,Year,State,LA,Louisiana,Total,22,828719,551527,277191,768892,491732,277160
2017,Year,State,ME,Maine,Total,23,322151,231144,91006,296986,205995,90991
2017,Year,State,MD,Maryland,Total,24,984017,872710,111306,854840,743622,111218
2017,Year,State,MA,Massachusetts,Total,25,1275550,984994,290556,1144087,853597,290490
2017,Year,State,MI,Michigan,Total,26,1981476,1260713,720763,1859975,1139439,720536
2017,Year,State,MN,Minnesota,Total,27,967270,412908,554362,894386,340102,554284
2017,Year,State,MS,Mississippi,Total,28,580012,481209,98804,545769,446980,98789
2017,Year,State,MO,Missouri,Total,29,1182965,804778,378188,1092124,713966,378158
2017,Year,State,MT,Montana,Total,30,215492,170955,44537,198778,154254,44525
2017,Year,State,NE,Nebraska,Total,31,329480,286449,43031,301745,258728,43018
2017,Year,State,NV,Nevada,Total,32,492325,319219,173106,439722,266673,173049
2017,Year,State,NH,New Hampshire,Total,33,280990,250636,30354,251041,220698,30344
2017,Year,State,NJ,New Jersey,Total,34,1553278,1214375,338903,1381564,1042780,338785
2017,Year,State,NM,New Mexico,Total,35,396908,262927,133981,358531,224594,133937
2017,Year,State,NY,New York,Total,36,3482221,2126620,1355601,3126039,1770649,1355390
2017,Year,State,NC,North Carolina,Total,37,1877420,1275239,602181,1762313,1160278,602035
2017,Year,State,ND,North Dakota,Total,38,124089,101502,22587,113850,91273,22578
2017,Year,State,OH,Ohio,Total,39,2249050,1372602,876448,2071778,1205680,866098
2017,Year,State,OK,Oklahoma,Total,40,706317,578280,128037,646237,518215,128021
2017,Year,State,OR,Oregon,Total,41,807584,447460,360124,742426,382362,360065
2017,Year,State,PA,Pennsylvania,Total,42,2629753,1552535,1077218,2410301,1333311,1076990
2017,Year,State,RI,Rhode Island,Total,44,211664,120871,90792,186587,95821,90766
2017,Year,State,SC,South Carolina,Total,45,1006419,745487,260932,941161,680336,260826
2017,Year,State,SD,South Dakota,Total,46,165403,130682,34721,152354,117635,34718
2017,Year,State,TN,Tennessee,Total,47,1294909,820040,474869,1205576,730852,474724
2017,Year,State,TX,Texas,Total,48,3883588,2522372,1361217,3545615,2184565,1361049
2017,Year,State,UT,Utah,Total,49,371924,240558,131366,333828,202482,131346
2017,Year,State,VT,Vermont,Total,50,139235,126487,12748,127061,114318,12743
2017,Year,State,VA,Virginia,Total,51,1427679,1149629,278050,1284406,1006445,277961
2017,Year,State,WA,Washington,Total,53,1277421,884996,392425,1161671,769333,392338
2017,Year,State,WV,West Virginia,Total,54,427858,304096,123761,399835,276116,123720
2017,Year,State,WI,Wisconsin,Total,55,1110269,667607,442662,1037063,594447,442617
2017,Year,State,WY,Wyoming,Total,56,101935,97921,4014,93763,89753,4010
2017,Year,State,AS,American Samoa,Total,60,3989,3842,147,2515,2368,147
2017,Year,State,GU,Guam,Total,66,16183,16108,75,10753,10678,75
2017,Year,State,MP,Northern Mariana Islands,Total,69,2236,*,*,1674,*,*
2017,Year,State,PR,Puerto Rico,Total,72,734121,171923,562199,623085,61003,562082
2017,Year,State,VI,Virgin Islands,Total,78,19665,19389,276,17765,17489,276
2017,Year,State,UK,Unknown,Unknown,99,*,*,*,*,*,*
2017,Year,State,FO,Foreign and Other Outlying Areas,Total,     ,447208,444341,2867,46131,43266,2865
2018,Year,State,AL,Alabama,Total,1,1027493,624503,402990,952233,549309,402924
2018,Year,State,AK,Alaska,Total,2,96213,94698,1514,84069,82558,1511
2018,Year,State,AZ,Arizona,Total,4,1271312,775111,496201,1163265,667159,496106
2018,Year,State,AR,Arkansas,Total,5,627641,476217,151424,582340,430945,151395
2018,Year,State,CA,California,Total,6,6124095,3511605,2612490,5452380,2843447,2608933
2018,Year,State,CO,Colorado,Total,8,881044,548114,332929,793753,462636,331117
2018,Year,State,CT,Connecticut,Total,9,667724,421231,246493,599801,353340,246461
2018,Year,State,DE,Delaware,Total,10,201092,173181,27911,185903,158009,27894
2018,Year,State,DC,District of Columbia,Total,11,92528,76020,16508,76043,59579,16465
2018,Year,State,FL,Florida,Total,12,4412700,2459571,1953129,4131103,2178586,1952516
2018,Year,State,GA,Georgia,Total,13,1676019,1046723,629297,1537324,908825,628498
2018,Year,State,HI,Hawaii,Total,15,266940,145473,121467,230823,109402,121421
2018,Year,State,ID,Idaho,Total,16,320219,216838,103381,297156,193789,103367
2018,Year,State,IL,Illinois,Total,17,2193624,1635322,558302,1981593,1423339,558254
2018,Year,State,IN,Indiana,Total,18,1233673,870591,363081,1144318,781320,362998
2018,Year,State,IA,Iowa,Total,19,612391,490867,121524,569841,448324,121516
2018,Year,State,KS,Kansas,Total,20,523149,434270,88879,480275,391415,88860
2018,Year,State,KY,Kentucky,Total,21,912477,631752,280725,841827,563376,278451
2018,Year,State,LA,Louisiana,Total,22,848975,547567,301408,786389,485030,301359
2018,Year,State,ME,Maine,Total,23,331222,226452,104770,305101,200351,104750
2018,Year,State,MD,Maryland,Total,24,1011531,887969,123562,876571,753093,123478
2018,Year,State,MA,Massachusetts,Total,25,1304654,993272,311382,1170023,858688,311334
2018,Year,State,MI,Michigan,Total,26,2024434,1214457,809977,1898001,1088152,809849
2018,Year,State,MN,Minnesota,Total,27,996224,418248,577976,919914,341971,577944
2018,Year,State,MS,Mississippi,Total,28,590989,480072,110917,555153,444256,110897
2018,Year,State,MO,Missouri,Total,29,1204788,796103,408685,1111798,703146,408652
2018,Year,State,MT,Montana,Total,30,223046,181766,41280,205410,164146,41265
2018,Year,State,NE,Nebraska,Total,31,338009,288294,49715,309602,259899,49703
2018,Year,State,NV,Nevada,Total,32,511711,326489,185222,456416,271246,185170
2018,Year,State,NH,New Hampshire,Total,33,290178,251956,38222,259289,221068,38221
2018,Year,State,NJ,New Jersey,Total,34,1584755,1214158,370596,1406249,1035766,370482
2018,Year,State,NM,New Mexico,Total,35,409851,267964,141887,370293,228474,141820
2018,Year,State,NY,New York,Total,36,3559173,2120188,1438985,3194264,1755469,1438795
2018,Year,State,NC,North Carolina,Total,37,1931885,1265149,666736,1810327,1143737,666590
2018,Year,State,ND,North Dakota,Total,38,127675,104332,23343,117082,93749,23334
2018,Year,State,OH,Ohio,Total,39,2295136,1341720,953416,2112931,1169818,943113
2018,Year,State,OK,Oklahoma,Total,40,722454,582026,140428,659248,518858,140390
2018,Year,State,OR,Oregon,Total,41,836937,459247,377690,768984,391341,377644
2018,Year,State,PA,Pennsylvania,Total,42,2683395,1568247,1115149,2455088,1340143,1114945
2018,Year,State,RI,Rhode Island,Total,44,216308,120693,95614,190757,95163,95594
2018,Year,State,SC,South Carolina,Total,45,1040376,753152,287223,972354,685230,287124
2018,Year,State,SD,South Dakota,Total,46,170943,135390,35553,157350,121800,35550
2018,Year,State,TN,Tennessee,Total,47,1325043,817921,507122,1231685,724721,506964
2018,Year,State,TX,Texas,Total,48,4018970,2481183,1537787,3664994,2133051,1531943
2018,Year,State,UT,Utah,Total,49,386332,246370,139962,346790,206846,139945
2018,Year,State,VT,Vermont,Total,50,143533,128660,14873,131065,116196,14869
2018,Year,State,VA,Virginia,Total,51,1469980,1176496,293484,1321586,1028192,293395
2018,Year,State,WA,Washington,Total,53,1320498,895221,425277,1199694,774479,425215
2018,Year,State,WV,West Virginia,Total,54,433950,298536,135414,405130,269754,135376
2018,Year,State,WI,Wisconsin,Total,55,1142418,671014,471404,1066860,595489,471372
2018,Year,State,WY,Wyoming,Total,56,106143,101843,4300,97484,93189,4296
2018,Year,State,AS,American Samoa,Total,60,4028,3823,205,2555,2350,205
2018,Year,State,GU,Guam,Total,66,16794,16696,98,11193,11096,98
2018,Year,State,MP,Northern Mariana Islands,Total,69,2354,2342,13,1738,1725,13
2018,Year,State,PR,Puerto Rico,Total,72,741280,168267,573014,631224,58234,572989
2018,Year,State,VI,Virgin Islands,Total,78,19627,19277,350,17722,17372,350
2018,Year,State,UK,Unknown,Unknown,99,*,*,*,*,*,*
2018,Year,State,FO,Foreign and Other Outlying Areas,Total,     ,462771,459330,3441,46947,43553,3394
2019,Year,State,AL,Alabama,Total,1,1046588,605614,440974,968161,527411,440750
2019,Year,State,AK,Alaska,Total,2,100297,98629,1668,87774,86110,1664
2019,Year,State,AZ,Arizona,Total,4,1325833,789199,536634,1212548,676356,536192
2019,Year,State,AR,Arkansas,Total,5,637556,468473,169083,590567,421619,168948
2019,Year,State,CA,California,Total,6,6277166,3528546,2748620,5582182,2838741,2743441
2019,Year,State,CO,Colorado,Total,8,911545,530678,380867,821066,444000,377066
2019,Year,State,CT,Connecticut,Total,9,680357,398772,281585,610612,329232,281380
2019,Year,State,DE,Delaware,Total,10,208278,174473,33805,192256,158490,33766
2019,Year,State,DC,District of Columbia,Total,11,94058,75614,18444,77057,58667,18389
2019,Year,State,FL,Florida,Total,12,4556611,2455795,2100816,4260574,2161651,2098923
2019,Year,State,GA,Georgia,Total,13,1727412,1040090,687322,1581660,895562,686098
2019,Year,State,HI,Hawaii,Total,15,274091,148146,125945,236087,110268,125819
2019,Year,State,ID,Idaho,Total,16,334445,220061,114384,309949,195662,114287
2019,Year,State,IL,Illinois,Total,17,2233242,1623815,609427,2016851,1407791,609060
2019,Year,State,IN,Indiana,Total,18,1260564,857098,403467,1167470,764236,403233
2019,Year,State,IA,Iowa,Total,19,625217,483559,141658,581437,439857,141580
2019,Year,State,KS,Kansas,Total,20,534927,434951,99975,490388,390476,99912
2019,Year,State,KY,Kentucky,Total,21,928872,612687,316185,855911,542115,313796
2019,Year,State,LA,Louisiana,Total,22,869795,534480,335316,803972,468964,335009
2019,Year,State,ME,Maine,Total,23,339400,217064,122336,312344,190287,122057
2019,Year,State,MD,Maryland,Total,24,1036953,909418,127535,895397,768018,127379
2019,Year,State,MA,Massachusetts,Total,25,1331279,997248,334031,1192180,858362,333818
2019,Year,State,MI,Michigan,Total,26,2064901,1198786,866115,1932985,1067472,865514
2019,Year,State,MN,Minnesota,Total,27,1021819,555372,466447,941971,475704,466267
2019,Year,State,MS,Mississippi,Total,28,601628,479366,122262,564132,441939,122192
2019,Year,State,MO,Missouri,Total,29,1227462,771005,456457,1132046,675899,456147
2019,Year,State,MT,Montana,Total,30,230309,185893,44417,212057,167693,44364
2019,Year,State,NE,Nebraska,Total,31,346150,288127,58022,316816,258853,57963
2019,Year,State,NV,Nevada,Total,32,531564,331585,199979,473278,273489,199789
2019,Year,State,NH,New Hampshire,Total,33,298735,243068,55666,266530,210911,55619
2019,Year,State,NJ,New Jersey,Total,34,1615169,1133404,481764,1430161,948753,481408
2019,Year,State,NM,New Mexico,Total,35,421972,267855,154117,381532,227611,153921
2019,Year,State,NY,New York,Total,36,3629623,2118566,1511057,3251946,1741954,1509992
2019,Year,State,NC,North Carolina,Total,37,1985259,1246728,738532,1856828,1118772,738055
2019,Year,State,ND,North Dakota,Total,38,131045,106842,24203,119940,95758,24183
2019,Year,State,OH,Ohio,Total,39,2340027,1323428,1016600,2151440,1145787,1005653
2019,Year,State,OK,Oklahoma,Total,40,738850,577110,161740,672652,511044,161608
2019,Year,State,OR,Oregon,Total,41,863650,470225,393425,792743,399533,393210
2019,Year,State,PA,Pennsylvania,Total,42,2732824,1567873,1164951,2495323,1331165,1164159
2019,Year,State,RI,Rhode Island,Total,44,220546,120094,100452,194398,94029,100369
2019,Year,State,SC,South Carolina,Total,45,1075124,752453,322671,1003986,681622,322365
2019,Year,State,SD,South Dakota,Total,46,175579,138162,37418,161456,124053,37403
2019,Year,State,TN,Tennessee,Total,47,1356706,812679,544027,1258907,715397,543510
2019,Year,State,TX,Texas,Total,48,4158858,2493533,1665325,3783730,2125454,1658276
2019,Year,State,UT,Utah,Total,49,400958,250920,150038,359927,210019,149908
2019,Year,State,VT,Vermont,Total,50,147222,129424,17797,134434,116648,17785
2019,Year,State,VA,Virginia,Total,51,1509513,1176619,332894,1355667,1022998,332669
2019,Year,State,WA,Washington,Total,53,1362048,898555,463493,1235559,772329,463230
2019,Year,State,WV,West Virginia,Total,54,438643,289839,148804,409189,260464,148725
2019,Year,State,WI,Wisconsin,Total,55,1171957,661504,510453,1094195,583977,510218
2019,Year,State,WY,Wyoming,Total,56,109989,105045,4944,100955,96031,4924
2019,Year,State,AS,American Samoa,Total,60,4569,4354,216,2613,2397,216
2019,Year,State,GU,Guam,Total,66,17352,17259,93,11538,11445,93
2019,Year,State,MP,Northern Mariana Islands,Total,69,2492,*,*,1862,*,*
2019,Year,State,PR,Puerto Rico,Total,72,749872,160876,588996,641333,52512,588821
2019,Year,State,VI,Virgin Islands,Total,78,19917,19477,440,17989,17549,440
2019,Year,State,UK,Unknown,Unknown,99,*,*,*,*,*,*
2019,Year,State,FO,Foreign and Other Outlying Areas,Total,     ,476955,473445,3510,46774,43319,3455
2020,Year,State,AL,Alabama,Total,1,1062565,576690,485875,983760,497970,485791
2020,Year,State,AK,Alaska,Total,2,104465,102635,1830,91685,89855,1829
2020,Year,State,AZ,Arizona,Total,4,1370074,788009,582065,1255235,673373,581862
2020,Year,State,AR,Arkansas,Total,5,646920,453946,192975,599586,406648,192938
2020,Year,State,CA,California,Total,6,6411106,3503899,2907207,5714875,2811874,2903001
2020,Year,State,CO,Colorado,Total,8,938949,527895,411054,848256,440767,407489
2020,Year,State,CT,Connecticut,Total,9,692023,382148,309875,623019,313182,309838
2020,Year,State,DE,Delaware,Total,10,215724,174831,40893,199235,158358,40877
2020,Year,State,DC,District of Columbia,Total,11,94126,73305,20822,77439,56654,20784
2020,Year,State,FL,Florida,Total,12,4680137,2411875,2268263,4382492,2114901,2267591
2020,Year,State,GA,Georgia,Total,13,1773148,1012084,761064,1624747,864476,760271
2020,Year,State,HI,Hawaii,Total,15,281164,148116,133047,242718,109728,132990
2020,Year,State,ID,Idaho,Total,16,349171,219572,129599,324415,194842,129573
2020,Year,State,IL,Illinois,Total,17,2265857,1582598,683259,2050149,1366982,683167
2020,Year,State,IN,Indiana,Total,18,1283965,823560,460405,1191055,730756,460299
2020,Year,State,IA,Iowa,Total,19,637388,477397,159991,593788,433813,159975
2020,Year,State,KS,Kansas,Total,20,546423,429874,116549,501621,385104,116517
2020,Year,State,KY,Kentucky,Total,21,943242,578907,364335,869992,507839,362153
2020,Year,State,LA,Louisiana,Total,22,884245,512975,371271,820552,449338,371214
2020,Year,State,ME,Maine,Total,23,347594,202663,144931,320359,175818,144541
2020,Year,State,MD,Maryland,Total,24,1058229,920102,138127,914185,776135,138050
2020,Year,State,MA,Massachusetts,Total,25,1352786,989454,363333,1214183,850909,363274
2020,Year,State,MI,Michigan,Total,26,2100420,1096687,1003733,1968704,965132,1003572
2020,Year,State,MN,Minnesota,Total,27,1046400,539965,506435,966187,459801,506387
2020,Year,State,MS,Mississippi,Total,28,609795,464521,145275,572134,426882,145253
2020,Year,State,MO,Missouri,Total,29,1248427,748330,500097,1153861,653823,500038
2020,Year,State,MT,Montana,Total,30,237744,188972,48772,219350,170600,48750
2020,Year,State,NE,Nebraska,Total,31,353778,282565,71213,324679,253483,71195
2020,Year,State,NV,Nevada,Total,32,549393,329339,220054,490802,270824,219978
2020,Year,State,NH,New Hampshire,Total,33,307567,240172,67394,274893,207508,67385
2020,Year,State,NJ,New Jersey,Total,34,1637118,1109324,527793,1451710,924048,527661
2020,Year,State,NM,New Mexico,Total,35,432470,262010,170460,392291,221908,170383
2020,Year,State,NY,New York,Total,36,3672562,2069578,1602984,3306630,1703856,1602774
2020,Year,State,NC,North Carolina,Total,37,2035577,1211374,824203,1904512,1080504,824008
2020,Year,State,ND,North Dakota,Total,38,134332,107585,26747,122949,96215,26734
2020,Year,State,OH,Ohio,Total,39,2381221,1279364,1101857,2196754,1105358,1091397
2020,Year,State,OK,Oklahoma,Total,40,753478,563270,190209,687631,497477,190154
2020,Year,State,OR,Oregon,Total,41,886188,468657,417531,815481,398036,417445
2020,Year,State,PA,Pennsylvania,Total,42,2776113,1539899,1236214,2537203,1301272,1235931
2020,Year,State,RI,Rhode Island,Total,44,224732,117503,107229,198931,91735,107196
2020,Year,State,SC,South Carolina,Total,45,1106010,737889,368121,1034382,666374,368008
2020,Year,State,SD,South Dakota,Total,46,180220,138706,41514,165825,124319,41506
2020,Year,State,TN,Tennessee,Total,47,1385253,796822,588431,1286302,698035,588267
2020,Year,State,TX,Texas,Total,48,4286051,2456124,1829927,3905957,2082082,1823874
2020,Year,State,UT,Utah,Total,49,414961,248849,166111,374113,208036,166078
2020,Year,State,VT,Vermont,Total,50,151303,129452,21851,138455,116612,21842
2020,Year,State,VA,Virginia,Total,51,1545578,1157274,388305,1389600,1001391,388209
2020,Year,State,WA,Washington,Total,53,1398937,888912,510026,1270634,760707,509926
2020,Year,State,WV,West Virginia,Total,54,442688,275122,167566,413474,245950,167524
2020,Year,State,WI,Wisconsin,Total,55,1200527,645403,555124,1123233,568156,555076
2020,Year,State,WY,Wyoming,Total,56,113802,108216,5587,104689,99112,5577
2020,Year,State,AS,American Samoa,Total,60,4716,4446,269,2740,2471,269
2020,Year,State,GU,Guam,Total,66,17803,17702,100,11991,11891,100
2020,Year,State,MP,Northern Mariana Islands,Total,69,2659,2641,18,1969,1951,18
2020,Year,State,PR,Puerto Rico,Total,72,750388,149159,601230,648290,47094,601196
2020,Year,State,VI,Virgin Islands,Total,78,20149,19635,514,18205,17692,514
2020,Year,State,UK,Unknown,Unknown,99,*,*,*,*,*,*
2020,Year,State,FO,Foreign and Other Outlying Areas,Total,     ,492312,488060,4252,48752,44552,4200
2021,Year,State,AL,Alabama,Total,1,1070474,528983,541491,991595,450195,541400
2021,Year,State,AK,Alaska,Total,2,108116,105831,2286,95088,92803,2285
2021,Year,State,AZ,Arizona,Total,4,1400160,767513,632647,1285448,653035,632413
2021,Year,State,AR,Arkansas,Total,5,653277,430724,222553,605574,383059,222516
2021,Year,State,CA,California,Total,6,6499203,3436742,3062462,5808944,2751300,3057645
2021,Year,State,CO,Colorado,Total,8,961593,518796,442796,871575,432255,439321
2021,Year,State,CT,Connecticut,Total,9,702439,363399,339040,634920,295958,338963
2021,Year,State,DE,Delaware,Total,10,222814,171134,51680,205689,154026,51663
2021,Year,State,DC,District of Columbia,Total,11,94055,70224,23831,77942,54150,23792
2021,Year,State,FL,Florida,Total,12,4803848,2359900,2443948,4501115,2057988,2443126
2021,Year,State,GA,Georgia,Total,13,1808944,953980,854964,1660212,806085,854127
2021,Year,State,HI,Hawaii,Total,15,288450,145637,142813,250795,108044,142751
2021,Year,State,ID,Idaho,Total,16,361623,215741,145883,336517,190669,145848
2021,Year,State,IL,Illinois,Total,17,2287329,1507029,780299,2075365,1295211,780153
2021,Year,State,IN,Indiana,Total,18,1301309,775334,525975,1209027,683160,525867
2021,Year,State,IA,Iowa,Total,19,646874,465570,181303,603783,422497,181286
2021,Year,State,KS,Kansas,Total,20,555807,414903,140904,511337,370465,140872
2021,Year,State,KY,Kentucky,Total,21,952197,536961,415236,878533,465452,413081
2021,Year,State,LA,Louisiana,Total,22,893631,473575,420056,830827,410854,419973
2021,Year,State,ME,Maine,Total,23,356229,187420,168810,328775,160394,168381
2021,Year,State,MD,Maryland,Total,24,1075070,898929,176141,928810,752756,176054
2021,Year,State,MA,Massachusetts,Total,25,1374243,973092,401151,1236531,835463,401068
2021,Year,State,MI,Michigan,Total,26,2130074,1024125,1105949,1998834,893079,1105755
2021,Year,State,MN,Minnesota,Total,27,1068551,509904,558648,989229,430643,558586
2021,Year,State,MS,Mississippi,Total,28,614598,431483,183116,576562,393472,183090
2021,Year,State,MO,Missouri,Total,29,1263819,707230,556589,1170118,613608,556510
2021,Year,State,MT,Montana,Total,30,244107,188073,56034,225356,169349,56007
2021,Year,State,NE,Nebraska,Total,31,360404,272226,88178,331307,243152,88155
2021,Year,State,NV,Nevada,Total,32,561939,316990,244949,504846,259991,244855
2021,Year,State,NH,New Hampshire,Total,33,316557,234830,81726,283593,201878,81715
2021,Year,State,NJ,New Jersey,Total,34,1656791,1075739,581052,1471143,890274,580869
2021,Year,State,NM,New Mexico,Total,35,439390,252475,186915,399484,212662,186822
2021,Year,State,NY,New York,Total,36,3705610,1996240,1709370,3360200,1651049,1709151
2021,Year,State,NC,North Carolina,Total,37,2077983,1148968,929015,1944710,1015918,928793
2021,Year,State,ND,North Dakota,Total,38,137155,105943,31212,125755,94554,31201
2021,Year,State,OH,Ohio,Total,39,2407792,1227265,1180527,2225887,1055768,1170119
2021,Year,State,OK,Oklahoma,Total,40,763654,528377,235276,697909,462692,235217
2021,Year,State,OR,Oregon,Total,41,901861,459062,442799,831832,389141,442692
2021,Year,State,PA,Pennsylvania,Total,42,2805431,1493883,1311548,2566927,1255740,1311186
2021,Year,State,RI,Rhode Island,Total,44,228146,111983,116163,202850,86714,116136
2021,Year,State,SC,South Carolina,Total,45,1133973,712041,421932,1060906,639090,421817
2021,Year,State,SD,South Dakota,Total,46,184567,136475,48092,169915,121832,48083
2021,Year,State,TN,Tennessee,Total,47,1406240,766844,639395,1306081,666869,639212
2021,Year,State,TX,Texas,Total,48,4386864,2347931,2038933,4003614,1970810,2032804
2021,Year,State,UT,Utah,Total,49,427555,242369,185187,386774,201648,185127
2021,Year,State,VT,Vermont,Total,50,155077,124384,30694,142268,111585,30683
2021,Year,State,VA,Virginia,Total,51,1575524,1112731,462792,1418293,955601,462692
2021,Year,State,WA,Washington,Total,53,1431948,865220,566729,1304123,737540,566584
2021,Year,State,WV,West Virginia,Total,54,444287,254195,190092,415045,225000,190045
2021,Year,State,WI,Wisconsin,Total,55,1225485,622437,603048,1148945,545957,602988
2021,Year,State,WY,Wyoming,Total,56,117393,110505,6888,108209,101334,6876
2021,Year,State,AS,American Samoa,Total,60,4770,4465,305,2815,2510,305
2021,Year,State,GU,Guam,Total,66,18212,18082,129,12409,12280,129
2021,Year,State,MP,Northern Mariana Islands,Total,69,2809,2788,21,2083,2062,21
2021,Year,State,PR,Puerto Rico,Total,72,754752,138182,616570,657234,40682,616552
2021,Year,State,VI,Virgin Islands,Total,78,20370,14753,5617,18391,12775,5617
2021,Year,State,UK,Unknown,Unknown,99,*,*,*,*,*,*
2021,Year,State,FO,Foreign and Other Outlying Areas,Total,     ,500965,496487,4478,49033,44561,4472
