Statefips,Countyfips,Year,Total population,White Alone,Black Alone,American Indian or Alaskan Native,Asian Alone,Hawaiian or Pacific Islander Alone,Two or More Races,Not Hispanic,Hispanic,White %,Balck %,AI/AN %,Asian %,Hawiian %,Multiracial %,Not hispanic %,Hispanic %
1,0,2016,4863525,3374106,1301635,33610,69476,4916,79782,4658145,205380,69.37573057,26.76320159,0.691062552,1.428511214,0.10107895,1.640415131,95.77713695,4.222863047
2,0,2016,741456,490758,27559,113262,46704,9848,53325,689486,51970,66.18841846,3.716875985,15.27561986,6.298957726,1.328197493,7.191930472,92.99081807,7.009181934
4,0,2016,6941072,5773622,340938,370059,246542,18356,191555,4783080,2157992,83.18055194,4.911892572,5.331438717,3.551929731,0.264454828,2.759732214,68.90981681,31.09018319
5,0,2016,2989918,2372809,469025,29074,48232,9876,60902,2770530,219388,79.36033697,15.68688506,0.97240125,1.613154608,0.330310062,2.036912049,92.66240746,7.337592536
6,0,2016,39167117,28484043,2537131,641036,5813827,195842,1495238,23961388,15205729,72.72437999,6.477706797,1.636668841,14.84364295,0.500016379,3.817585042,61.17730851,38.82269149
8,0,2016,5539215,4842319,250138,87820,183977,10371,164590,4356409,1182806,87.41886711,4.515766223,1.585423205,3.321355102,0.187228696,2.97135966,78.6466855,21.3533145
9,0,2016,3578141,2886999,418863,19089,166894,3716,82580,3018646,559495,80.68432742,11.7061625,0.533489317,4.664265606,0.103852811,2.307902344,84.36352844,15.63647156
10,0,2016,948921,665087,215073,6054,37419,919,24369,863424,85497,70.08876398,22.66500583,0.637987778,3.943320888,0.09684684,2.568074687,90.99008242,9.00991758
11,0,2016,685815,305704,327757,4101,28719,964,18570,611170,74645,44.57528634,47.79087655,0.597974672,4.18757245,0.140562688,2.707727303,89.11586944,10.88413056
12,0,2016,20613477,16002588,3472527,101630,582342,22893,431497,15433683,5179794,77.63167757,16.8459062,0.493026965,2.825054696,0.111058411,2.093276161,74.87180838,25.12819162
13,0,2016,10301890,6305959,3298868,52741,419915,11839,212568,9333409,968481,61.21167087,32.02196878,0.511954603,4.076096716,0.11492066,2.063388369,90.59899688,9.401003117
15,0,2016,1427559,371655,30736,5557,537694,145112,336805,1278967,148592,26.03430051,2.153045864,0.389265873,37.66527338,10.16504397,23.59307041,89.59118327,10.40881673
16,0,2016,1682380,1569732,14480,29475,25473,3460,39760,1473807,208573,93.30424755,0.860685458,1.751982311,1.514105018,0.205661028,2.363318632,87.6025036,12.3974964
17,0,2016,12820527,9897625,1879042,74336,714272,8222,247030,10650061,2170466,77.20138962,14.65651139,0.579820159,5.571315438,0.064131529,1.926831869,83.07038392,16.92961608
18,0,2016,6634304,5678320,642941,26502,150003,4145,132393,6185288,449016,85.5902895,9.691159766,0.399469183,2.2610209,0.062478295,1.995582355,93.23190496,6.768095041
19,0,2016,3131371,2860458,116268,16133,78353,3674,56485,2947646,183725,91.34842214,3.71300622,0.51520564,2.502194726,0.117328799,1.80384247,94.13276166,5.867238344
20,0,2016,2910844,2520984,179604,34217,89101,3269,83669,2570103,340741,86.60663368,6.170169202,1.175500989,3.061002239,0.112304198,2.874389696,88.2940824,11.7059176
21,0,2016,4438182,3903401,367506,13184,67336,3707,83048,4279872,158310,87.95044908,8.280552713,0.29705857,1.517197808,0.083525191,1.871216638,96.43299892,3.567001083
22,0,2016,4678135,2955059,1524630,35959,82901,2903,76683,4442511,235624,63.16745883,32.59055158,0.768661016,1.772095076,0.062054644,1.639178861,94.963292,5.036708004
23,0,2016,1331317,1261844,20637,9355,16347,469,22665,1310037,21280,94.78163353,1.550119168,0.702687639,1.227881864,0.035228274,1.702449529,98.40158279,1.598417206
24,0,2016,6003323,3565668,1841676,34753,388403,6450,166373,5416175,587148,59.39490512,30.67760972,0.578896055,6.469800142,0.107440496,2.771348468,90.2196167,9.780383298
25,0,2016,6823608,5576223,589701,32566,457082,6968,161068,6038530,785078,81.7195683,8.642070295,0.477254848,6.698538369,0.102116065,2.360452124,88.49467906,11.50532094
26,0,2016,9950571,7917934,1408599,72100,312885,3946,235107,9453643,496928,79.5726597,14.1559615,0.724581534,3.144392417,0.039656016,2.362748831,95.00603533,4.993964668
27,0,2016,5522744,4685535,353124,74909,271552,3724,133900,5231215,291529,84.840706,6.393995449,1.356372847,4.916976054,0.067430248,2.424519406,94.72130158,5.278698415
28,0,2016,2987938,1773354,1126424,18089,31149,1731,37191,2895027,92911,59.35042829,37.69904195,0.605400781,1.042491511,0.057932929,1.244704542,96.89046426,3.10953574
29,0,2016,6087135,5067791,720019,33976,121290,8682,135377,5838352,248783,83.2541253,11.82853674,0.558160777,1.992563004,0.142628675,2.223985504,95.91297055,4.087029448
30,0,2016,1040859,927814,5935,69595,8980,892,27643,1002049,38810,89.13925902,0.570202112,6.686304293,0.862748941,0.085698447,2.655787191,96.27134895,3.728651047
31,0,2016,1905616,1690996,96223,28048,47625,2246,40478,1702968,202648,88.7375001,5.04944333,1.471860018,2.499191862,0.117862151,2.124142534,89.3657484,10.6342516
32,0,2016,2917563,2197650,280959,48319,245065,22294,123276,2088519,829044,75.3248516,9.629920588,1.656142472,8.39964724,0.764130886,4.225307217,71.58436682,28.41563318
33,0,2016,1342307,1255396,21380,3883,38684,593,22371,1294534,47773,93.52525167,1.592780191,0.289278086,2.881904065,0.044177673,1.666608309,96.44097811,3.559021893
34,0,2016,8870827,6447703,1323504,52466,846904,9183,191067,7109495,1761332,72.68435062,14.91973634,0.591444293,9.547069287,0.103519097,2.153880354,80.14466971,19.85533029
35,0,2016,2091630,1721226,52473,226754,36155,3215,51807,1076457,1015173,82.2911318,2.5087133,10.84101873,1.728556198,0.153707874,2.476872105,51.46498186,48.53501814
36,0,2016,19633428,13773337,3453356,189421,1702647,26263,488404,15925768,3707660,70.15248178,17.58916477,0.964788217,8.672183992,0.133766757,2.487614491,81.11557493,18.88442507
37,0,2016,10154788,7210675,2253930,159645,297332,12231,220975,9223567,931221,71.00763699,22.19573663,1.572115538,2.927998103,0.120445646,2.176067093,90.8297347,9.170265298
38,0,2016,754434,662681,22220,41944,11456,483,15650,726857,27577,87.83816742,2.945254323,5.559664596,1.518489358,0.064021505,2.074402797,96.34467694,3.655323063
39,0,2016,11634370,9583165,1493613,32467,262775,6361,255989,11205243,429127,82.36943642,12.83793622,0.279061092,2.25860962,0.054674211,2.200282439,96.31155791,3.68844209
40,0,2016,3926331,2927248,304272,364222,89185,7372,234032,3517840,408491,74.5542849,7.749524938,9.276395699,2.271459029,0.187757986,5.960577445,89.59611403,10.40388597
41,0,2016,4089976,3571132,87084,73544,187803,17921,152492,3568097,521879,87.31425319,2.129205648,1.798152361,4.591787336,0.43816883,3.728432636,87.24004737,12.75995263
42,0,2016,12782275,10523295,1509100,47266,443576,9136,249902,11882159,900116,82.32724613,11.80619256,0.36977768,3.470242973,0.071473975,1.955066684,92.95809236,7.041907642
44,0,2016,1056770,892309,85140,10875,37949,1918,28579,898231,158539,84.4373894,8.056625377,1.029079175,3.591036839,0.181496447,2.704372758,84.99777624,15.00222376
45,0,2016,4957968,3393188,1361728,26840,81317,4767,90128,4683762,274206,68.43908634,27.46544552,0.541350811,1.640127568,0.096148261,1.817841503,94.46938746,5.530612541
46,0,2016,862996,733518,17554,78943,12590,632,19759,830054,32942,84.99668596,2.034076635,9.147551089,1.458871188,0.073233248,2.289581875,96.18283283,3.817167171
47,0,2016,6646010,5231842,1135529,30117,119174,6206,123142,6295382,350628,78.72154872,17.08587559,0.453159114,1.793166125,0.093379336,1.852871121,94.72423304,5.275766964
48,0,2016,27914410,22172579,3519315,279845,1362465,38871,541335,16995567,10918843,79.43058442,12.60752063,1.00251089,4.880866191,0.139250659,1.93926721,60.88456464,39.11543536
49,0,2016,3041868,2773420,41400,46783,74694,31048,74523,2621058,420810,91.17489648,1.361005803,1.537969432,2.455530615,1.020688603,2.449909069,86.16606638,13.83393362
50,0,2016,623657,590279,8051,2384,11026,231,11686,612031,11626,94.64801966,1.290933959,0.382261403,1.76795899,0.037039591,1.873786392,98.13583428,1.864165719
51,0,2016,8410106,5893536,1662906,44764,553078,9458,246364,7639518,770588,70.07683375,19.77271154,0.532264397,6.576349929,0.112459938,2.929380438,90.83735687,9.162643134
53,0,2016,7294771,5827356,302803,140596,634596,54269,335151,6384139,910632,79.88401555,4.150959639,1.927353168,8.69932723,0.743943847,4.594400564,87.5166472,12.4833528
54,0,2016,1831023,1714557,65227,4493,15414,515,30817,1802306,28717,93.63929344,3.562325542,0.245381953,0.841824488,0.028126353,1.683048219,98.43164177,1.568358235
55,0,2016,5772628,5045904,384254,66093,165740,3101,107536,5387707,384921,87.41086382,6.656482974,1.1449378,2.871135989,0.053719034,1.862860382,93.3319625,6.668037504
56,0,2016,584215,542675,7326,15846,5831,606,11931,526512,57703,92.889604,1.253990397,2.712357608,0.998091456,0.103728935,2.042227605,90.12298554,9.877014455
72,0,2016,3406672,,,,,,,,,0,0,0,0,0,0,0,0
1,0,2017,4874486,3376527,1305617,33840,71245,4961,82296,4664076,210410,69.26939579,26.78471125,0.694227043,1.461590001,0.101774833,1.688301084,95.68344232,4.316557684
2,0,2017,739700,486188,27739,113738,48035,10256,53744,686587,53113,65.72772746,3.750033797,15.37623361,6.493848858,1.386508044,7.265648236,92.81965662,7.180343382
4,0,2017,7044008,5845558,352008,375655,253937,19040,197810,4836234,2207774,82.98624874,4.9972686,5.332972365,3.605007263,0.270300658,2.808202376,68.65741777,31.34258223
5,0,2017,3001345,2377792,470694,29804,49422,10657,62976,2775260,226085,79.22421448,15.68276889,0.993021462,1.646661747,0.355074142,2.09825928,92.46721053,7.532789466
6,0,2017,39358497,28518935,2543564,643442,5930737,197581,1524238,24004162,15354335,72.45941073,6.462553689,1.634823606,15.06850478,0.502003417,3.872703777,60.98851285,39.01148715
8,0,2017,5611885,4897864,254236,89590,189913,10546,169736,4405132,1206753,87.27662808,4.530313789,1.596433284,3.384121378,0.187922596,3.024580867,78.49647667,21.50352333
9,0,2017,3573297,2872125,423337,19542,169936,3796,84561,3000100,573197,80.37744973,11.847238,0.546889889,4.755719998,0.106232423,2.366469958,83.95887607,16.04112393
10,0,2017,956823,668104,218390,6205,38095,960,25069,868450,88373,69.82524459,22.82449314,0.648500297,3.981405129,0.100332036,2.620024811,90.76391349,9.236086507
11,0,2017,694906,313010,327813,4088,29928,944,19123,618643,76263,45.04350229,47.17371846,0.588281005,4.306769549,0.135845712,2.751882988,89.02542214,10.97457786
12,0,2017,20963613,16245729,3538457,103907,603626,23527,448367,15595053,5368560,77.49489079,16.87904179,0.495654065,2.879398699,0.112227792,2.138786859,74.39105559,25.60894441
13,0,2017,10410330,6335279,3353318,53582,435984,12022,220145,9415759,994571,60.85569814,32.21144767,0.514700302,4.187994041,0.11548145,2.114678401,90.4463067,9.553693303
15,0,2017,1424393,368793,31066,5514,535586,144728,338706,1274463,149930,25.89123929,2.180999205,0.387112265,37.60099916,10.16067897,23.77897111,89.47411283,10.52588717
16,0,2017,1717715,1600865,15235,30053,26394,3655,41513,1502147,215568,93.19735812,0.886934096,1.749591754,1.536576207,0.212782679,2.416757145,87.45030462,12.54969538
17,0,2017,12778828,9848285,1867708,74227,728382,8231,251995,10590789,2188039,77.06720053,14.61564394,0.580859215,5.699912386,0.064411228,1.971972704,82.87762383,17.12237617
18,0,2017,6658078,5683681,650617,26956,155948,4292,136584,6196751,461327,85.36519098,9.771844067,0.404861583,2.342237505,0.064463048,2.051402822,93.07116859,6.928831414
19,0,2017,3141550,2859774,121427,16384,81529,3995,58441,2952622,188928,91.03066957,3.865193933,0.521525998,2.595183906,0.127166526,1.860260063,93.98615333,6.013846668
20,0,2017,2908718,2517528,178605,34307,89563,3408,85307,2562937,345781,86.55111977,6.140333989,1.179454316,3.07912283,0.117165019,2.932804074,88.11225426,11.88774574
21,0,2017,4452268,3907652,372275,13178,69609,3936,85618,4287777,164491,87.76767257,8.361468806,0.295983979,1.563450358,0.088404382,1.923019908,96.30545601,3.694543994
22,0,2017,4670560,2942913,1526496,36298,83300,2869,78684,4431651,238909,63.00985321,32.68336131,0.777165907,1.783512041,0.061427323,1.68468021,94.88478898,5.115211024
23,0,2017,1334612,1263507,21259,9494,16652,471,23229,1312512,22100,94.67223433,1.592897411,0.711367798,1.247703452,0.035291156,1.740505855,98.34408802,1.65591198
24,0,2017,6023868,3558103,1856211,35562,396696,6522,170774,5417191,606677,59.06674914,30.81427083,0.590351581,6.585403266,0.108269305,2.834955879,89.92877998,10.07122002
25,0,2017,6859789,5574621,603071,33029,474517,7069,167482,6048363,811426,81.26519635,8.791392855,0.481487113,6.917370199,0.103049817,2.441503667,88.17126882,11.82873118
26,0,2017,9973114,7922472,1408914,72770,324044,4048,240866,9465659,507455,79.43829781,14.12712218,0.729661769,3.249175734,0.040589128,2.415153381,94.91176978,5.088230216
27,0,2017,5566230,4700264,368596,76089,279329,3949,138003,5266113,300117,84.44250417,6.622004481,1.366975493,5.018279877,0.070945685,2.479290292,94.6082537,5.391746299
28,0,2017,2988510,1770340,1128043,18363,31606,1770,38388,2892436,96074,59.2382157,37.74600052,0.614453356,1.05758388,0.059226839,1.28451971,96.78522073,3.214779271
29,0,2017,6106670,5075415,722085,34733,125978,9031,139428,5850954,255716,83.11264568,11.82452957,0.568771524,2.062957389,0.147887474,2.283208361,95.8125132,4.187486797
30,0,2017,1052482,936852,6196,70563,9263,905,28703,1011467,41015,89.01358883,0.588703655,6.704437701,0.880110064,0.085987219,2.727172531,96.10302124,3.896978761
31,0,2017,1915947,1695875,97603,28674,49684,2250,41861,1706835,209112,88.51366974,5.094243212,1.496596722,2.593182379,0.117435399,2.184872546,89.08571062,10.91428938
32,0,2017,2969905,2220937,294042,49586,253252,22982,129106,2117441,852464,74.78141557,9.90072073,1.669615695,8.527276125,0.773829466,4.347142417,71.29659029,28.70340971
33,0,2017,1348787,1259593,22294,3964,39321,604,23011,1298511,50276,93.38709522,1.652892562,0.293893699,2.915286105,0.044780977,1.706051437,96.27250263,3.727497374
34,0,2017,8885525,6431527,1327681,53186,867632,9675,195824,7089460,1796065,72.38207084,14.94206589,0.598569021,9.764555274,0.108884956,2.203854021,79.78661925,20.21338075
35,0,2017,2091784,1718166,52864,228502,36280,3295,52677,1070904,1020880,82.1387868,2.527220784,10.92378563,1.7344047,0.157521044,2.518281046,51.19572575,48.80427425
36,0,2017,19589572,13706039,3443385,189165,1725964,26757,498262,15864453,3725119,69.96599517,17.57764284,0.965641312,8.810626388,0.136587977,2.54350631,80.98417362,19.01582638
37,0,2017,10268233,7270828,2280761,161897,312976,12558,229213,9307128,961105,70.80895028,22.2118158,1.576678285,3.048002514,0.122299523,2.232253592,90.64001567,9.359984332
38,0,2017,754942,660053,23603,42067,12583,503,16133,726334,28608,87.43095496,3.126465344,5.572216144,1.666750558,0.066627635,2.136985358,96.21056982,3.789430181
39,0,2017,11659650,9576538,1505501,32989,274888,6520,263214,11215786,443864,82.13400917,12.91205997,0.282933021,2.357600786,0.055919346,2.257477712,96.19316189,3.806838113
40,0,2017,3931316,2923281,305118,367825,90351,7609,237132,3512430,418886,74.35884065,7.761217872,9.356281713,2.298238045,0.19354842,6.031873296,89.34489113,10.65510887
41,0,2017,4143625,3608387,89388,74883,194833,18377,157757,3604678,538947,87.08285619,2.157241546,1.807185737,4.701994027,0.443500558,3.807221937,86.9933452,13.0066548
42,0,2017,12787641,10495030,1519909,48422,457270,9435,257575,11853595,934046,82.07166592,11.88576533,0.378662491,3.575874549,0.073782178,2.01424954,92.69571299,7.304287006
44,0,2017,1055673,888967,86446,11107,37939,2009,29205,892975,162698,84.20855701,8.188709951,1.052125043,3.593821193,0.190305142,2.766481666,84.58822003,15.41177997
45,0,2017,5021268,3439656,1370339,27320,85452,4767,93734,4736589,284679,68.50174099,27.29069629,0.544085677,1.701801218,0.094936179,1.866739636,94.33053563,5.669464366
46,0,2017,872868,738898,19376,79702,13770,698,20424,837621,35247,84.65174574,2.219808723,9.131048452,1.577558119,0.079966272,2.339872696,95.96193239,4.038067612
47,0,2017,6708799,5273129,1146784,30955,123575,6297,128059,6343951,364848,78.60019357,17.09373019,0.461408965,1.841983938,0.093861807,1.908821534,94.56164956,5.438350441
48,0,2017,28295273,22392582,3595304,283854,1420351,40230,562952,17166616,11128657,79.13895017,12.70637679,1.003185232,5.019746585,0.142179225,1.989562002,60.66955424,39.33044576
49,0,2017,3101042,2820762,43714,47832,78905,31883,77946,2665190,435852,90.9617477,1.409655206,1.54244928,2.544467311,1.028138284,2.513542222,85.94498236,14.05501764
50,0,2017,624344,589668,8317,2424,11799,240,11896,612211,12133,94.44601053,1.332118191,0.388247505,1.889823559,0.038440347,1.905359866,98.05668029,1.943319708
51,0,2017,8463587,5908557,1675859,45254,569226,9677,255014,7668525,795062,69.81149955,19.80081259,0.534690551,6.725588099,0.114336864,3.013072353,90.60608699,9.393913006
53,0,2017,7423362,5895462,313179,143721,667135,56430,347435,6481980,941382,79.41768164,4.218829689,1.936063471,8.986965744,0.760167698,4.68029176,87.31865696,12.68134304
54,0,2017,1817004,1700408,64904,4516,15199,528,31449,1787632,29372,93.58306311,3.572033964,0.248541005,0.836486876,0.029058824,1.730816223,98.38349283,1.616507173
55,0,2017,5790186,5051222,387433,67079,170521,3243,110688,5396564,393622,87.2376466,6.691201284,1.158494736,2.945000385,0.056008563,1.911648434,93.20191096,6.798089042
56,0,2017,578931,537032,7361,15768,6077,580,12113,521312,57619,92.76269538,1.271481403,2.723640641,1.049693314,0.100184651,2.09230461,90.04734588,9.952654116
72,0,2017,3325286,,,,,,,,,0,0,0,0,0,0,0,0
1,0,2018,4887681,3381642,1309574,34281,72354,5048,84782,4670490,217191,69.18704392,26.7933607,0.70137556,1.480333925,0.103280063,1.734605839,95.55635894,4.443641064
2,0,2018,735139,481239,27652,114006,47838,10313,54091,681993,53146,65.46231393,3.761465519,15.50808759,6.507340789,1.402863948,7.357928229,92.77061889,7.22938111
4,0,2018,7158024,5928410,364149,380930,259928,19534,205073,4899168,2258856,82.82187933,5.087283865,5.321720072,3.631281482,0.272896542,2.864938704,68.44302282,31.55697718
5,0,2018,3009733,2381554,471988,30292,49602,11261,65036,2778059,231674,79.12841438,15.68205552,1.006468016,1.648053166,0.37415279,2.160856129,92.30250657,7.697493432
6,0,2018,39461588,28497432,2547988,646626,6021008,198744,1549790,23988729,15472859,72.21562396,6.456881563,1.638621335,15.25789586,0.503639134,3.92733815,60.79007515,39.20992485
8,0,2018,5691287,4956931,259806,91444,196679,10876,175551,4457539,1233748,87.09683767,4.564978009,1.606736754,3.455791282,0.191099131,3.084557148,78.32216158,21.67783842
9,0,2018,3571520,2859546,428316,20136,173260,3820,86442,2981695,589825,80.06523833,11.99254099,0.563793567,4.85115581,0.106957262,2.42031404,83.48532278,16.51467722
10,0,2018,965479,671131,221874,6440,39101,1013,25920,874335,91144,69.51274963,22.98071734,0.667026419,4.049906834,0.104922013,2.684677761,90.55971181,9.440288189
11,0,2018,701547,318966,327219,4103,30754,953,19552,623556,77991,45.46609137,46.64249152,0.584850338,4.383740505,0.135842645,2.786983623,88.88299715,11.11700285
12,0,2018,21244317,16440418,3589957,106424,619302,24031,464185,15706460,5537857,77.38736905,16.89843453,0.500952796,2.915141965,0.11311731,2.184984342,73.93252511,26.06747489
13,0,2018,10511131,6361789,3404951,54748,449485,12280,227878,9488761,1022370,60.52430514,32.39376429,0.520857365,4.276276264,0.116828532,2.167968414,90.27345392,9.726546078
15,0,2018,1420593,365570,31129,5597,533488,144182,340627,1269702,150891,25.73361969,2.191268013,0.393990397,37.55389475,10.14942352,23.97780364,89.37830892,10.62169108
16,0,2018,1750536,1630052,15782,30517,26961,3806,43418,1528330,222206,93.11730807,0.901552439,1.743294625,1.540156843,0.217419122,2.4802689,87.30640215,12.69359785
17,0,2018,12723071,9786941,1858642,74703,738145,8303,256337,10518457,2204614,76.92278853,14.60843848,0.587145981,5.801626038,0.065259402,2.014741567,82.67231237,17.32768763
18,0,2018,6695497,5696236,660576,27667,165549,4424,141045,6219845,475652,85.0756262,9.865974102,0.413218018,2.472542367,0.066074259,2.106565054,92.89594185,7.104058145
19,0,2018,3148618,2859067,125033,16787,83107,4355,60269,2954404,194214,90.80387014,3.971043804,0.533154546,2.639475478,0.138314651,1.914141379,93.83177,6.168229998
20,0,2018,2911359,2516174,178539,34538,91411,3591,87106,2559981,351378,86.4260986,6.132496885,1.186318829,3.139805156,0.123344459,2.991936068,87.93079108,12.06920892
21,0,2018,4461153,3910380,375075,13330,70374,4089,87905,4290810,170343,87.65402128,8.407579834,0.298801678,1.577484565,0.091657919,1.970454723,96.18163735,3.818362652
22,0,2018,4659690,2930528,1525857,36404,83808,2849,80244,4416892,242798,62.89105069,32.74589082,0.781253689,1.798574583,0.061141406,1.722088808,94.78939586,5.210604139
23,0,2018,1339057,1266095,21946,9635,17016,459,23906,1316226,22831,94.55124016,1.63891455,0.719536211,1.270745009,0.034277854,1.785286213,98.29499416,1.705005836
24,0,2018,6035802,3549849,1867364,36262,401531,6679,174117,5409424,626378,58.81321157,30.93812554,0.600781802,6.652487938,0.11065638,2.884736776,89.62229046,10.37770954
25,0,2018,6882635,5569881,613306,33741,485635,7243,172829,6044354,838281,80.92657827,8.910918565,0.490233755,7.05594587,0.105235858,2.511087687,87.82034788,12.17965212
26,0,2018,9984072,7920697,1408262,73187,331021,4089,246816,9465595,518477,79.33333213,14.10508658,0.733037582,3.315490914,0.040955233,2.472097557,94.80695852,5.193041476
27,0,2018,5606249,4713995,382612,76983,286509,4089,142061,5297993,308256,84.08465268,6.824741463,1.373164125,5.11052934,0.072936468,2.533975926,94.50156424,5.498435763
28,0,2018,2981020,1762445,1126849,18490,32349,1793,39094,2882741,98279,59.1222132,37.80078631,0.620257496,1.08516548,0.060147198,1.311430316,96.70317542,3.296824577
29,0,2018,6121623,5080690,723809,35166,129306,9429,143223,5859240,262383,82.9958003,11.82380882,0.5744555,2.112282968,0.15402778,2.339624639,95.71383275,4.286167247
30,0,2018,1060665,943749,6260,70876,9542,899,29339,1018383,42282,88.97710399,0.590195773,6.682222945,0.899624292,0.084758147,2.766094856,96.01363296,3.986367043
31,0,2018,1925614,1700153,99264,28933,51581,2300,43383,1711136,214478,88.29147482,5.154927208,1.502533737,2.678678074,0.119442422,2.252943736,88.86183835,11.13816165
32,0,2018,3027341,2251090,305994,50847,260674,23744,134992,2150051,877290,74.35865335,10.10768196,1.679592752,8.610658661,0.784318648,4.459094631,71.021104,28.978896
33,0,2018,1353465,1262037,23338,4068,39814,631,23577,1300970,52495,93.24489366,1.724314999,0.300561891,2.941634989,0.04662108,1.741973379,96.12143646,3.878563539
34,0,2018,8886025,6412643,1331146,54224,877709,9995,200308,7057256,1828769,72.16548457,14.98021894,0.610216604,9.877408628,0.11247999,2.254191272,79.41971804,20.58028196
35,0,2018,2092741,1716439,53661,228967,36900,3332,53442,1065633,1027108,82.01870179,2.564149123,10.9410099,1.763237782,0.159217027,2.553684379,50.92044357,49.07955643
36,0,2018,19530351,13634357,3432310,189565,1739423,26978,507718,15786810,3743541,69.81112116,17.57423612,0.970617476,8.906255704,0.138133718,2.599635818,80.83218781,19.16781219
37,0,2018,10381615,7336997,2306627,163846,323922,12803,237420,9387009,994606,70.67298296,22.21838317,1.578232289,3.120150381,0.12332378,2.286927419,90.41954455,9.580455449
38,0,2018,758080,660720,25115,42246,12706,549,16744,728155,29925,87.15702828,3.312974884,5.572762769,1.676076404,0.072419797,2.208737864,96.05252744,3.947472562
39,0,2018,11676341,9564938,1516653,33582,283758,6798,270612,11217253,459088,81.91725473,12.98911191,0.287607222,2.43019624,0.058220293,2.3176096,96.06822034,3.931779656
40,0,2018,3940235,2922715,306154,369808,92013,8060,241485,3511782,428453,74.17615954,7.769942656,9.385430057,2.335216047,0.204556327,6.12869537,89.12620694,10.87379306
41,0,2018,4181886,3632626,91642,76104,199881,18862,162771,3628822,553064,86.86573474,2.191403592,1.819848748,4.779685529,0.451040511,3.892286877,86.774771,13.225229
42,0,2018,12800922,10475329,1531273,49678,469482,9780,265380,11827261,973661,81.83261331,11.96220866,0.388081421,3.667563946,0.076400747,2.07313192,92.39382132,7.60617868
44,0,2018,1058287,887718,88378,11340,38835,2088,29928,889927,168360,83.88253848,8.35104277,1.071542975,3.669609473,0.197299976,2.827966327,84.09127203,15.90872797
45,0,2018,5084156,3485105,1378890,27695,89707,4933,97826,4788208,295948,68.54834903,27.12131571,0.544731515,1.764442318,0.09702692,1.924134507,94.17901418,5.820985823
46,0,2018,878698,743263,19861,80186,13646,738,21004,842199,36499,84.58685464,2.260275999,9.125547116,1.552979522,0.0839879,2.39035482,95.84624069,4.153759312
47,0,2018,6771631,5315688,1156454,31845,128956,6351,132337,6392717,378914,78.49937482,17.07792406,0.470270752,1.904356572,0.093788335,1.954285459,94.40439091,5.595609093
48,0,2018,28628666,22586138,3665172,289034,1464438,41646,582238,17304763,11323903,78.89343499,12.80245471,1.009596465,5.115285497,0.145469579,2.033758751,60.44557927,39.55442073
49,0,2018,3153550,2863101,45473,48665,82101,33042,81168,2704400,449150,90.7897766,1.441962233,1.543181494,2.603446909,1.047771559,2.573861204,85.75732111,14.24267889
50,0,2018,624358,589147,8502,2436,11837,250,12186,611854,12504,94.36044705,1.361718758,0.390160773,1.895867435,0.04004113,1.951764853,97.99730283,2.002697171
51,0,2018,8501286,5916393,1686884,45861,579658,9918,262572,7684740,816546,69.59409435,19.84269204,0.539459559,6.818474287,0.116664702,3.088615064,90.39502965,9.604970354
53,0,2018,7523869,5940550,322889,145384,697994,58421,358631,6557014,966855,78.95605306,4.291528733,1.932303712,9.277062107,0.776475507,4.766576877,87.14949715,12.85050285
54,0,2018,1804291,1687369,64776,4529,14951,519,32147,1773958,30333,93.51978145,3.590108248,0.251012725,0.828635736,0.028764761,1.781697077,98.31884103,1.68115897
55,0,2018,5807406,5060128,389652,67794,172742,3315,113775,5402937,404469,87.13232724,6.709570504,1.167371456,2.9745122,0.057082284,1.959136317,93.03528977,6.964710234
56,0,2018,577601,534974,7401,15861,6314,582,12469,519615,57986,92.619992,1.281334347,2.746013251,1.093142152,0.100761598,2.15875665,89.96088996,10.03911004
72,0,2018,3193354,,,,,,,,,0,0,0,0,0,0,0,0
1,0,2019,4903185,3389396,1313291,34799,73715,5110,86874,4679907,223278,69.12641477,26.78444725,0.709722354,1.503410538,0.104217973,1.771787114,95.44626605,4.55373395
2,0,2019,731545,477488,27108,113953,47799,10498,54699,678333,53212,65.27117266,3.705582022,15.57703217,6.533979454,1.435045007,7.47718869,92.72607974,7.273920265
4,0,2019,7278717,6013442,376997,385903,268723,20169,213483,4968127,2310590,82.61678535,5.179443025,5.301799754,3.691900647,0.277095538,2.932975688,68.25553185,31.74446815
5,0,2019,3017804,2385258,473048,30717,50403,11786,66592,2781173,236631,79.03952676,15.67523935,1.017859344,1.670187991,0.390548889,2.206637674,92.1588347,7.841165298
6,0,2019,39512223,28424739,2552757,649862,6110945,199805,1574115,23937343,15574880,71.9391035,6.460676738,1.644711309,15.465961,0.505678964,3.983868485,60.58212164,39.41787836
8,0,2019,5758736,5006612,264479,92982,202664,11329,180670,4501832,1256904,86.9394256,4.592657139,1.614625154,3.519244501,0.196727198,3.137320412,78.1739604,21.8260396
9,0,2019,3565287,2841541,434585,20567,176579,3879,88136,2964332,600955,79.70020366,12.18934128,0.576868005,4.952728911,0.108799095,2.472059052,83.14427422,16.85572578
10,0,2019,973764,674075,225544,6564,39863,1059,26659,880373,93391,69.22365173,23.16208034,0.674085302,4.093702376,0.10875325,2.737727006,90.40927781,9.590722187
11,0,2019,705749,324581,324484,4130,31502,923,20129,626272,79477,45.9909968,45.97725254,0.585193886,4.463626587,0.13078304,2.852147151,88.73863087,11.26136913
12,0,2019,21477737,16597392,3633515,108950,634827,24641,478412,15813877,5663860,77.27719173,16.91758773,0.507269458,2.95574436,0.114728102,2.227478621,73.62915842,26.37084158
13,0,2019,10617423,6391505,3458147,56008,463966,12411,235386,9568699,1048724,60.19827033,32.57049286,0.527510301,4.369855096,0.116892771,2.21697864,90.12261262,9.877387385
15,0,2019,1415872,361317,30958,5570,532190,143549,342288,1265008,150864,25.51904409,2.186497084,0.393397143,37.58743728,10.13855772,24.17506667,89.34479953,10.65520047
16,0,2019,1787065,1662365,16346,31120,27711,3944,45579,1557575,229490,93.0220781,0.914684133,1.741402803,1.550643094,0.220697065,2.550494806,87.15827348,12.84172652
17,0,2019,12671821,9726915,1852516,75500,747690,8385,260815,10451939,2219882,76.76019887,14.61917746,0.595810184,5.900414786,0.066170442,2.058228253,82.48174434,17.51825566
18,0,2019,6732219,5709592,669596,28340,174750,4539,145402,6242866,489353,84.80995642,9.946141087,0.420960756,2.59572661,0.067422049,2.159793079,92.73117823,7.268821766
19,0,2019,3155070,2859080,128105,17060,84119,4804,61902,2956520,198550,90.61859166,4.060290263,0.540717005,2.666153207,0.152262866,1.961984996,93.7069542,6.293045796
20,0,2019,2913314,2513846,178725,35063,92862,3687,89131,2557241,356073,86.28819276,6.134766112,1.203543456,3.18750399,0.126556904,3.059436779,87.77773354,12.22226646
21,0,2019,4467673,3909923,378479,13404,71504,4192,90171,4292967,174706,87.51587236,8.471501831,0.300021958,1.600475236,0.093829607,2.018299012,96.08955266,3.91044734
22,0,2019,4648794,2918843,1524733,36596,84192,2854,81576,4401822,246972,62.78710134,32.79846343,0.787214921,1.81105035,0.061392266,1.754777691,94.68739634,5.312603656
23,0,2019,1344212,1269326,22691,9767,17420,455,24553,1320512,23700,94.42900376,1.688052182,0.726596698,1.295926535,0.033848827,1.826571999,98.23688525,1.763114747
24,0,2019,6045680,3539444,1878645,36840,406303,6705,177743,5401858,643822,58.54501065,31.07417197,0.609360734,6.720550873,0.110905638,2.940000132,89.35070993,10.64929007
25,0,2019,6892503,5554165,621902,34310,497517,7410,177199,6037596,854907,80.58269978,9.022876015,0.497787233,7.218234073,0.107508114,2.570894782,87.59656688,12.40343312
26,0,2019,9986857,7911567,1407890,73865,336384,4186,252965,9458652,528205,79.21978857,14.09742825,0.739622085,3.368266913,0.041915089,2.532979094,94.71099867,5.289001334
27,0,2019,5639632,4723931,395556,77479,292507,4214,145945,5324502,315130,83.76310724,7.013861897,1.373830775,5.186632745,0.074721187,2.587846157,94.41222406,5.58777594
28,0,2019,2976149,1758081,1124559,18705,33032,1806,39966,2876039,100110,59.07234483,37.78570898,0.628496759,1.109890667,0.060682446,1.342876314,96.63625712,3.363742877
29,0,2019,6137428,5086188,725579,35839,133312,9857,146653,5868720,268708,82.87165243,11.82219979,0.583941677,2.172115094,0.160604735,2.38948628,95.62181422,4.378185781
30,0,2019,1068778,950211,6389,71096,9833,920,30329,1025489,43289,88.90630234,0.597785508,6.652083033,0.92002268,0.086079616,2.837726824,95.94967337,4.050326635
31,0,2019,1934408,1704129,100763,29285,53187,2349,44695,1714763,219645,88.09563443,5.208983834,1.51389986,2.749523368,0.1214325,2.310526011,88.64536334,11.35463666
32,0,2019,3080156,2277552,316303,51946,268166,24585,141604,2179556,900600,73.94274835,10.2690578,1.686473023,8.706247346,0.798173859,4.597299617,70.76122118,29.23877882
33,0,2019,1359711,1266097,24371,4114,40300,672,24157,1305122,54589,93.11515462,1.792366172,0.302564295,2.963865115,0.049422267,1.776627533,95.98524981,4.014750193
34,0,2019,8882190,6388804,1337457,55429,886810,10240,203450,7025346,1856844,71.92825193,15.05773914,0.624046547,9.984136795,0.115286883,2.290538707,79.09475028,20.90524972
35,0,2019,2096829,1716656,54772,229794,37550,3341,54716,1063887,1032942,81.86914622,2.6121348,10.9591197,1.790799345,0.159335835,2.6094641,50.73789994,49.26210006
36,0,2019,19453561,13546776,3421123,189748,1753199,27034,515681,15702503,3751058,69.63648455,17.58610159,0.975389544,9.012226605,0.138966845,2.650830868,80.71788502,19.28211498
37,0,2019,10488084,7399487,2330563,165597,334299,13130,245008,9462254,1025830,70.55137049,22.22105582,1.578906119,3.187417263,0.125189691,2.336060619,90.21909054,9.780909459
38,0,2019,762062,662555,25984,42465,12860,615,17583,730530,31532,86.94240101,3.409696324,5.57238125,1.687526737,0.080702095,2.307292582,95.86227892,4.137721078
39,0,2019,11689100,9552736,1525570,34010,291478,7055,278251,11218638,470462,81.72345176,13.05121866,0.290954821,2.493588044,0.060355374,2.380431342,95.97520767,4.024792328
40,0,2019,3956971,2927354,307819,371104,94253,8581,247860,3518861,438110,73.97966778,7.77915734,9.378486726,2.381948212,0.216857793,6.263882146,88.92814731,11.07185269
41,0,2019,4217737,3655136,93740,77115,204739,19245,167762,3650890,566847,86.66106967,2.222518853,1.828350132,4.854238185,0.456287341,3.977535821,86.56039957,13.43960043
42,0,2019,12801989,10447062,1540092,50687,481877,9994,272277,11801839,1000150,81.60499122,12.03009939,0.395930664,3.76407916,0.078065994,2.126833573,92.18754211,7.812457892
44,0,2019,1059361,885518,90108,11453,39536,2125,30621,886717,172644,83.58982443,8.50588232,1.081123432,3.73206112,0.200592621,2.890516075,83.70300587,16.29699413
45,0,2019,5148714,3532048,1388017,28236,94111,5065,101237,4841596,307118,68.60058648,26.95851819,0.548408787,1.827854489,0.098374079,1.966257982,94.03505419,5.96494581
46,0,2019,884659,748070,20332,80004,13699,787,21767,847308,37351,84.56026559,2.298286684,9.043484552,1.548506261,0.088960831,2.460496078,95.77792121,4.22207879
47,0,2019,6829174,5354405,1164461,32661,134076,6578,136993,6437792,391382,78.40487005,17.0512715,0.478256961,1.963282822,0.096322044,2.005996626,94.26897016,5.731029843
48,0,2019,28995881,22806130,3739221,294902,1510470,43212,601946,17470303,11525578,78.65299902,12.89569715,1.017047904,5.209257136,0.149028064,2.075970721,60.25098185,39.74901815
49,0,2019,3205958,2904132,47537,49720,85727,33979,84863,2743907,462051,90.58546619,1.482770517,1.550862488,2.673990115,1.059870404,2.647040292,85.58774008,14.41225992
50,0,2019,623989,588102,8774,2441,11964,247,12461,611270,12719,94.24877682,1.406114531,0.391192793,1.917341492,0.039584031,1.996990332,97.96166279,2.038337214
51,0,2019,8535519,5922648,1696911,46602,589710,10092,269556,7701097,834422,69.38825864,19.88058371,0.545977345,6.908894468,0.118235341,3.158050495,90.22412111,9.775878889
53,0,2019,7614893,5977696,331924,146799,727986,60349,370139,6623172,991721,78.5000656,4.35887937,1.927788086,9.560029274,0.792512777,4.860724898,86.97656027,13.02343973
54,0,2019,1792147,1675122,64610,4585,14703,530,32597,1760985,31162,93.47012271,3.605173013,0.255838388,0.820412611,0.029573467,1.818879813,98.26119174,1.738808256
55,0,2019,5822434,5067781,390543,68628,175279,3419,116784,5409226,413208,87.03887412,6.707555637,1.178682317,3.010407675,0.058721147,2.005759103,92.90317417,7.096825829
56,0,2019,578759,535371,7467,15778,6571,596,12976,520150,58609,92.50326993,1.290174321,2.726177908,1.135360314,0.10297896,2.242038569,89.87333242,10.12666758
72,0,2019,3193694,,,,,,,,,0,0,0,0,0,0,0,0
